,Life Expectancy,Cigarette consumption,Alcohol consumption,Incidence of tuberculosis per 100000 per year,GDP per Capita (Current US$),Income Gini Coefficient,Current health expenditure per capita (current US$),Total Population,"Population Density, Number of People/km2","Ambient Air Pollution, Concentration of Fine Particulate Matter PM2.5 (Ug/M3)",Ambient and Household Air Pollution Attributable Death Rate (per 100 000 Population),People using safely managed sanitation services (% of population),"People using safely managed drinking water services, urban (% of urban population)",EPI score,cardiovascular-disease-death-rates,Diabetes prevalence (% of population ages 20 to 79),Acute lower respiratory infections,asthma-prevalence,Democracy Index,"Human Development Index, 2019",Corruption Perceptions Index 2021,UHC service coverage index
0,58.095,20.3,5.773999999999999,232.0,15015.7996494,0.441,22.63819,11381377.0,18.01,45.58,0.7,68.868,95.356,41.14,231.5465565,6.5,19.0,4.048205813,4.412,0.433,11.0,32.0
1,73.651,25.9,0.19,19.0,18003.9812692,0.368,1237.870196,18275704.0,99.52,43.76,0.82,64.998,83.772,44.019999999999996,491.1277144,14.9,1.8,3.444039181,1.43,0.567,13.0,56.0
2,72.947518,11.6,7.23,47.0,7559.975039,0.36819999999999997,440.16986,72172.0,96.23,19.49,3.042,45.306,53.720000000000006,51.2,267.1112016,11.7,1.4,7.177538303,6.65,0.742,55.0,67.0
3,68.002,33.58,2.51,75.0,3476.650895,0.36819999999999997,415.19827,116255.0,166.08,11.28,11.96,45.306,53.720000000000006,37.4,560.2292898,15.6,4.9,3.265197099,6.65,0.62,51.8,48.0
4,72.453,14.9,4.16,523.0,13056.884580180002,0.39080000000000004,1122.6423220000001,25887045.0,214.99,32.01,11.72,34.508,76.96,38.5,352.9104299,8.6,2.9,3.914215158,1.08,0.5795999999999999,16.0,68.0
5,77.146,38.9,9.4,2.3,14900.7974,0.36819999999999997,760.26495,98728.0,224.38,18.62,0.41,45.306,53.720000000000006,52.4,227.3490399,11.7,0.5,5.879423757,6.65,0.778,51.8,72.0
6,74.754,32.1,6.37,23.0,4420.491372,0.3188,293.4126,404915.0,17.75,23.01,1.1,56.624,72.02000000000001,50.0,185.1893318,14.5,0.7,5.907713406,6.65,0.716,51.8,67.0
7,75.998,48.6,0.46,83.0,31722.66014,0.31100000000000005,671.56268,441532.0,83.78,5.9,0.32,56.168000000000006,81.462,45.7,266.9986131,11.1,0.4,5.292491539,6.65,0.838,50.8,77.0
8,66.679,38.3,2.11,81.0,1829.1717482200002,0.392,25.26793,18271430.8,35.66,48.03,0.7,23.112000000000002,41.582,31.7,327.6668569,6.5,6.7,4.537066129,2.03,0.459,22.0,50.0
9,57.697,26.6,0.0,259.0,445.7790165,0.368,99.70961,16359500.0,26.08,32.03,0.57,31.52,60.89399999999999,30.360000000000003,349.4117094,6.5,25.6,4.536480382,3.35,0.5252,13.0,27.0
10,66.181,30.4,0.03,49.0,690.75927,0.4202,106.416462,30490639.0,57.75,50.46,0.35,18.84,47.386,33.160000000000004,513.0910435,5.4,9.6,4.064819343,1.95,0.47,16.0,44.0
11,79.308,26.3,10.37,2.4,17033.93719,0.3562,1143.32202,287708.0,669.09,23.08,1.74,45.306,53.720000000000006,53.2,186.0558984,14.0,0.3,7.238392363,6.65,0.814,65.0,74.0
12,74.053,24.7,4.8,9.1,28239.36671,0.3188,2004.61633,396914.0,39.65,17.37,0.62,56.624,72.02000000000001,56.2,247.0927454,8.8,1.0,5.935087104,6.65,0.814,64.0,70.0
13,73.166,2.7,6.56,39.0,3445.756536,0.3148000000000001,177.89027,561901.0,139.43,34.78,0.47,68.592,90.09200000000001,41.9,259.2004182,2.1,2.0,2.560638839,7.65,0.665,58.0,69.0
14,72.426,23.6,8.96,2.8,9928.621733,0.36819999999999997,534.27441,113015.0,332.4,22.72,1.57,45.306,53.720000000000006,47.9,270.6416087,12.6,0.3,7.42441992,6.65,0.779,53.0,70.0
15,73.082,20.9,0.027,59.0,6018.445207,0.37220000000000003,483.12673000000007,6958538.0,3.95,54.25,0.66,21.62,67.974,40.12,282.0769339,8.7,1.2,3.891688097,1.95,0.724,17.0,60.0
16,72.658,81.6,7.15,6.7,7996.614002,0.36819999999999997,354.80865,111269.0,285.31,22.2,1.1,45.306,53.720000000000006,53.2,292.1938766,8.0,0.7,5.946592086,6.65,0.738,59.0,73.0
17,73.45,20.0,2.82,6.1,3939.113696,0.36819999999999997,271.91577,200144.0,70.72,11.55,1.29,47.72,53.720000000000006,36.4,406.178623,9.2,1.6,3.081640053,6.65,0.715,48.2,53.0
18,73.132,3.4,1.74,65.0,2336.968134,0.33740000000000003,111.90449,703995.0,25.15,11.88,1.15,64.898,79.888,35.0,817.6601398,19.8,2.8,3.567910677,5.366,0.567,43.0,50.0
19,65.53,17.4,6.602000000000001,63.0,764.3410034,0.3982,46.92884,44909351.0,24.29,55.37,0.38,50.824,80.81800000000001,27.6,466.997232,18.9,9.0,4.346955462,2.47,0.51,20.0,44.0
20,69.712,1.4,0.53,508.0,1457.825128,0.39,92.67004,1343875.0,90.37,19.26,12.32,76.372,75.592,35.1,368.6796571,8.6,9.7,2.98991322,5.406000000000001,0.606,41.0,53.0
21,71.018,11.5,0.43,10.0,9921.881925999998,0.36819999999999997,242.37277,106759.0,148.28,10.79,11.54,33.8,50.8,43.8,231.2223331,15.0,1.8,3.834313623,6.65,0.725,51.8,56.0
22,59.626,13.3,5.52,174.0,1661.70211,0.38320000000000004,53.99585,27224262.0,57.59,72.79,0.42,34.508,58.65,30.2,274.4164765,5.5,12.3,2.38750358,2.56,0.563,27.0,44.0
23,76.306,15.2,0.93,92.0,11371.09902,0.39780000000000004,436.61203,32776195.0,99.76,16.04,1.38,38.544,65.47800000000001,35.0,255.5445432,19.0,0.4,2.784241424,7.24,0.81,48.0,76.0
24,78.078,33.5,0.92,7.0,16439.29645,0.3498,624.74445,5223376.0,16.88,41.12,0.32,68.522,95.65799999999999,30.7,486.2980457,13.8,0.8,4.222764307,3.0,0.813,52.0,69.0
25,71.301,3.8,0.88,84.0,897.0879,0.3256,61.87225,9749625.0,70.25,46.15,1.01,81.10999999999999,97.194,37.1,689.8812588,6.6,6.2,2.39036008,1.94,0.668,25.0,66.0
26,68.313,15.2,3.09,47.0,25936.8610482,0.2928,500.00644,6117933.0,13.02,21.77,0.5,73.334,97.08,37.0,554.8286378,6.7,7.8,2.142837111,1.66,0.715,19.0,73.0
27,72.066,19.6,3.56,47.0,1333.8012892,0.3922,338.82538,28704947.0,32.54,17.01,1.34,23.07,55.30799999999999,46.4,222.6939784,9.6,3.2,4.061778833,2.11,0.711,14.0,70.0
28,75.586,21.8,0.0,19.0,7838.42163432,0.3516,1758.67419,4328553.0,242.9,60.75,0.7,100.0,76.346,42.4,184.5761591,24.9,0.5,4.468881806,3.91,0.806,43.0,70.0
29,74.586,15.1,4.16,2.4,4586.65051,0.3,327.40353,2973462.0,274.56,13.4,1.23,72.74,79.88,45.6,199.5773018,11.1,0.6,5.944424607,7.13,0.734,44.0,70.0
30,65.173,5.2,0.013,193.0,16654.59808,0.359,65.80603,39835428.0,61.02,56.91,0.95,65.814,36.38,43.6,583.2145182,10.9,10.1,4.442284384,0.32,0.511,16.0,37.0
31,77.545,23.4,7.81,26.0,6916.438315,0.32680000000000003,553.82294,3263459.0,63.74,27.75,13.28,60.836,83.32199999999999,39.4,343.5467505,9.1,0.3,4.77432192,5.04,0.78,35.0,65.0
32,61.916,11.2,7.45,103.0,236.7954142,0.36460000000000004,20.56754,12255429.0,477.24,38.9,0.41,68.868,84.464,30.5,296.8980095,6.5,8.8,4.220407809,2.13,0.433,19.0,44.0
33,64.525,4.9,1.15,35.0,1494.687693,0.3614,72.3238,888456.0,477.41,20.55,0.36,53.94,77.63199999999999,42.5,268.9540289,11.7,12.1,4.2077693,3.2,0.554,20.0,44.0
34,64.804,14.3,9.002,379.0,2213.880863,0.259,48.55877,5657017.0,16.57,46.64,0.34,87.97,58.63,40.1,355.6284644,5.5,5.7,3.792059556,2.79,0.574,21.0,40.0
35,59.057,25.9,6.92,280.0,8462.28633,0.3778,254.8911,1449891.0,51.69,53.24,0.74,76.37199999999999,82.664,44.8,261.1816068,5.5,12.9,3.095944068,1.92,0.592,17.0,43.0
36,70.023,31.8,5.33,79.0,9374.80457,0.3614,325.88516,790329.0,4.01,22.38,0.91,53.94,79.888,38.5,447.5716745,11.7,3.0,6.423492678,6.25,0.682,39.0,74.0
37,64.315,6.2,3.02,168.0,1814.674048,0.35960000000000003,56.9944,11541683.0,418.78,15.02,10.12,68.868,95.356,26.1,449.1137662,8.9,14.9,7.244967621,3.48,0.51,20.0,47.0
38,68.611,12.9,2.32,425.0,9921.881925999998,0.278,172.30574,121388.0,149.86,10.64,102.8,26.66,21.11,49.0,554.5488101,22.1,8.2,4.9015358,6.65,0.63,51.8,51.0
39,79.208,22.8,2.78,37.0,8994.641352,0.293,854.37061,543620.0,1812.07,7.8,0.24,68.592,90.09200000000001,37.4,205.0972239,9.2,0.6,2.53403107,6.018,0.74,40.0,69.0
40,65.129,41.8,0.0,87.0,1723.013866,0.394,57.88485,4775110.0,4.63,47.42,0.28,50.778,76.902,28.1,223.9858195,2.1,12.0,4.816185687,4.03,0.546,28.0,40.0
41,61.387,5.4,2.69,368.0,500.4448085,0.41200000000000003,39.46094,32163045.0,40.9,21.3,0.55,38.544000000000004,65.478,31.7,350.7733525,3.3,9.1,4.393819378,3.51,0.456,26.0,47.0
42,64.045,5.6,3.15,460.0,4729.270937,0.31060000000000004,427.25623,2587344.0,3.14,25.36,0.72,67.426,85.40599999999999,50.9,316.0695159,6.7,6.5,2.16871585,6.52,0.646,49.0,62.0
43,64.725,14.5,2.12,441.0,2916.357349,0.30080000000000007,65.08072,9119005.0,20.14,12.29,1.34,91.18599999999999,86.02,24.8,373.2943162,16.7,7.4,4.685459203,6.1,0.555,31.0,33.0
44,76.343,26.8,9.59,2.2,9570.995457,0.512,502.1817,184401.0,302.3,22.4,0.65,45.306,53.720000000000006,49.4,221.4753542,11.7,1.2,7.069841957,6.65,0.759,56.0,72.0
45,77.23659,4.2,8.84,11.0,13306.7256,0.321,839.77332,99202.0,215.66,20.18,1.46,45.306,53.720000000000006,55.6,249.9383467,8.5,0.9,2.612633522,6.65,0.796,70.0,70.0
46,73.628,14.8,6.52,18.0,15243.12287,0.39,1167.93311,1403374.0,273.56,24.11,0.93,76.372,72.56,47.8,227.2979983,12.7,1.9,4.8826203,7.16,0.796,41.0,73.0
47,83.7439,18.1,2.0,46.0,72794.00302,0.2742,2632.71387,5453566.0,7691.91,19.08,0.73,100.0,100.0,50.9,93.68209649,11.6,0.2,4.9732426278,6.23,0.938,85.0,86.0
48,78.686,19.9,6.82,15.0,6494.38571,0.308,810.760792,2811666.0,102.62,18.2,10.71,47.69,77.576,47.1,314.0350434,10.2,0.8,3.021242787,6.11,0.795,35.0,62.0
49,77.419,17.0,1.13,13.0,22232.32523,0.30419999999999997,940.39569,1748295.0,2241.4,70.82,1.08,91.23,80.44800000000001,42.0,240.8929566,11.3,0.1,3.797039498,2.52,0.852,42.0,71.0
50,70.054,10.4,7.84,274.0,1590.95666,0.37779999999999997,113.31044,16946446.0,96.0,25.61,18.3,40.982,57.1,30.1,312.8228548,7.3,4.1,2.47424802,2.9,0.594,23.0,61.0
51,71.37,20.5,5.0,69.0,10041.48984,0.278,272.96524,19002586.0,7.04,13.82,1.15,65.01599999999999,83.772,40.9,476.0100809,6.6,1.2,1.698546445,3.08,0.825,37.0,76.0
52,66.991,12.0,2.15,259.0,2006.83224,0.43,83.41163,54985702.0,96.61,28.58,0.48,63.80800000000001,57.7,30.8,239.7538767,4.0,6.6,2.811582859,5.05,0.601,30.0,56.0
53,72.006,36.3,12.85,74.0,5314.53146,0.26,284.30713,2573928.0,89.61,16.25,1.81,67.426,85.40599999999999,42.7,404.955079,5.6,2.8,2.943723111,6.1,0.75,36.0,67.0
54,71.848,24.7,2.61,66.0,1983.06472,0.39780000000000004,98.57317,34915100.0,79.25,28.46,0.56,51.02,86.12,38.2,945.9730498,7.0,2.7,3.231887112,2.12,0.72,28.0,71.0
55,75.493,13.9,7.93,176.0,3694.01905,0.357,180.71819,98168829.0,316.6,29.63,10.44,55.763999999999996,79.674,20.1,303.9046642,6.1,2.9,3.230328636,2.94,0.704,39.0,70.0
56,64.194,7.2,4.46,319.0,1120.63017,0.38660000000000005,69.32438,18920657.0,25.45,27.44,0.35,65.01599999999999,50.49,38.4,339.5543642,11.9,8.1,2.348967125,5.72,0.584,33.0,55.0
57,74.655,12.9,0.52,4.7,4405.83942,0.3358,334.04422,10269022.0,115.67,33.01,0.31,82.27,98.52799999999999,43.6,248.8875416,15.4,1.6,4.287559213,3.49,0.729,49.0,60.0
58,73.123,17.0,0.98,58.0,5384.035,0.3296,193.10884,10145212.0,122.74,19.93,0.76,82.238,96.25,38.6,688.078219,5.6,3.0,2.09179039,2.68,0.756,30.0,65.0
59,79.004,27.6,1.53,13.0,2670.44196,0.37220000000000003,663.05109,6769151.0,661.7,30.62,1.6,16.28,78.066,32.2,322.2963555,8.0,0.5,4.717597301,3.84,0.744,24.0,72.0
60,74.257,13.6,6.68,41.0,8603.78991,0.396,491.05936,10953714.0,226.74,13.73,1.68,79.462,98.572,42.2,311.1492,10.5,3.2,4.035865456,6.45,0.756,30.0,66.0
61,67.561,12.5,3.68,66.0,5085.97164,0.307,235.67502,902899.0,49.42,10.84,1.5,64.32000000000001,77.63199999999999,31.3,429.3411865,17.7,3.3,3.420794615,5.61,0.743,55.0,61.0
62,61.487,17.9,7.83,350.0,2137.909393,0.513,71.326,33933611.0,27.22,32.39,0.25,36.68,78.68800000000002,30.5,304.7334143,4.6,13.5,3.200903732,3.37,0.581,29.0,39.0
63,62.077,4.8,2.23,55.0,1428.447177,0.378,29.12529,12451031.0,110.42,39.0,0.27,68.868,84.464,29.6,278.848458,1.1,13.2,2.837943608,4.19,0.545,42.0,38.0
64,69.793,14.6,6.61,236.0,7347.552382,0.3154,481.53305,2397240.0,4.23,23.09,0.35,46.378,83.07,54.0,334.7648475,5.2,3.4,2.692325554,7.73,0.735,55.0,54.0
65,61.981,1.7,11.05,46.0,918.1525819,0.473,42.34453,21497097.0,78.57,42.94,0.53,49.5,82.43800000000002,35.5,289.1908844,2.1,10.5,2.617856789,3.84,0.452,42.0,43.0
66,66.69,24.7,8.08,527.0,8016.990495,0.38,215.01915,2278829.0,8.84,44.39,0.79,46.37799999999999,85.34200000000001,49.7,301.3134308,5.5,6.6,2.78755339,3.4,0.703,31.0,49.0
67,74.529,10.5,1.63,27.0,5025.575573,0.37779999999999997,271.02127,17109746.0,159.67,24.07,0.97,40.982,65.41,28.0,173.1863541,13.1,4.1,2.996330983,4.62,0.663,25.0,57.0
68,61.962,1.8,1.09,179.0,1174.352972,0.296,43.03782,13497237.0,54.93,26.06,0.35,56.95799999999999,77.78800000000001,31.6,295.6353868,2.1,15.6,3.427976247,2.28,0.477,25.0,37.0
69,64.423,12.6,5.37,314.0,673.0890671,0.353,52.56287,5180208.0,53.78,17.98,0.38,54.85600000000001,77.96199999999999,24.9,256.9856486,2.1,10.9,2.361956499,5.43,0.48,29.0,42.0
70,74.17707,25.0,4.78,12.0,8812.108249,0.368,685.94562,1266060.0,623.67,14.46,0.79,72.734,84.86999999999999,44.8,208.4959113,22.6,1.3,2.8820892,8.08,0.804,54.0,65.0
71,74.697,16.2,5.07,42.0,2090.753461,0.37220000000000003,160.75879,6702379.0,55.7,17.61,1.73,44.19,67.3,37.7,236.737503,9.3,3.3,4.017820393,2.69,0.66,20.0,70.0
72,69.329,36.7,7.96,58.0,833.8298757,0.37699999999999995,51.39912,13276517.0,538.16,43.21,0.47,56.958000000000006,45.54,32.8,256.6763837,6.5,5.0,8.457004048,3.1,0.543,53.0,54.0
73,70.623,4.7,2.1,38.0,3127.446248,0.323,104.24961,314464.0,25.8,11.65,1.61,56.92,56.58,36.9,567.9797217,15.6,4.6,3.135942891,6.65,0.609,45.0,52.0
74,78.892,29.1,6.26,6.3,9477.85287,0.35960000000000003,1031.92175,11317498.0,109.03,19.71,11.94,36.64,94.9,47.5,197.3209512,7.6,0.6,7.378500647,2.59,0.783,46.0,80.0
75,69.887,8.2,5.61,188.0,2277.43435,0.4013999999999999,63.74832,1393409033.0,468.66,90.87,134.1,45.91,94.1,18.9,256.3671126,9.6,5.6,2.746207295,6.91,0.645,40.0,61.0
76,80.363,13.9,1.51,34.0,61275.99827,0.3,1807.15393,2930524.0,255.05,91.19,0.51,97.2,100.0,33.0,337.2976394,19.5,0.3,3.688142571,3.65,0.848,63.0,74.0
77,83.42683,25.0,8.45,49.0,34757.72007,0.331,2624.5332,51744876.0,530.61,25.04,3.59,99.94,99.7,46.9,95.40529848,6.8,0.1,3.6108249837999997,8.16,0.916,62.0,87.0
78,75.28,35.0,0.0,8.1,23585.88563,0.3978,1316.26025,35340680.0,16.44,87.95,0.51,59.11,97.0,37.9,332.0878736,18.7,0.4,2.768509509,2.08,0.854,53.0,73.0
79,77.063,24.4,0.63,59.0,3765.03463,0.35,248.20587,44616626.0,18.73,38.88,0.68,17.61,73.69,29.6,396.9652171,7.1,3.2,3.409023002,3.77,0.748,33.0,75.0
80,74.22683,29.3,10.96,26.0,7303.69627,0.244,399.39709,9340314.0,46.02,18.77,0.9,73.9,98.58599999999998,48.5,463.1077799,5.6,0.2,3.688884985,2.41,0.823,41.0,74.0
81,73.60732,16.9,12.46,19.0,11634.97102,0.403,697.89636,6899125.0,63.55,19.15,11.57,72.23,78.06599999999999,51.9,541.0826989,7.4,1.1,3.865832912,6.64,0.816,42.0,70.0
82,72.15,19.1,0.14,11.0,3876.35959,0.315,149.84032,104258327.0,104.73,87.0,0.94,67.06,67.482,35.5,518.1929495,20.9,2.6,3.653140342,2.93,0.707,33.0,70.0
83,70.748,21.6,0.37,27.0,5048.38781,0.3418,253.31464,41179351.0,94.86,61.64,0.92,42.88,64.6,27.8,436.1908097,10.7,4.5,3.618743018,3.51,0.674,23.0,55.0
84,75.3878,16.1,13.19,23.0,20642.16792,0.355,1166.79785,1883162.0,30.33,13.43,1.42,83.41,80.44800000000001,61.1,356.8375908,5.9,0.3,3.440752256,7.31,0.866,59.0,72.0
85,76.901,14.0,0.49,98.0,3496.7583,0.3978,174.22377,37344787.0,83.68,32.59,0.53,39.32,90.72,28.4,459.5011136,9.1,2.7,3.053506342,5.04,0.686,39.0,73.0
86,76.86585,29.7,11.06,3.2,21087.8461,0.232,1342.07483,5447247.0,113.3,17.56,2.61,81.93,100.0,60.0,298.900761,5.8,0.6,3.133854544,7.03,0.86,52.0,77.0
87,80.53171,24.7,12.11,4.1,29200.81988,0.244,2219.10059,2107007.0,104.64,16.02,10.41,71.55,99.5,67.3,151.1431962,5.8,0.0,4.960977269,7.54,0.917,57.0,80.0
88,65.815,7.8,12.04,222.0,1135.53967,0.405,40.3433,61498438.0,69.43,29.08,0.22,26.33,90.89399999999999,34.2,267.1502059,12.3,7.5,6.074772255,5.1,0.529,39.0,46.0
89,77.344,12.5,8.5,150.0,7233.38886,0.35,296.1651,69950844.0,136.92,26.26,10.64,25.93,96.14,38.1,118.6656104,9.7,0.9,3.585017861,6.04,0.777,35.0,83.0
90,76.891,18.1,2.04,36.0,3924.34393,0.3846,233.05931,11935764.0,76.83,37.66,0.36,80.76,83.92,40.7,317.876613,9.6,1.1,3.852451702,5.99,0.74,44.0,70.0
91,78.056,25.4,6.92,32.0,17020.64864,0.402,1660.95288,3485152.0,19.91,9.27,1.54,64.856,94.59,37.4,161.5586285,9.0,0.4,6.128266341,8.85,0.817,73.0,79.0
92,75.224,23.1,4.67,23.0,4670.0088,0.252,523.99908,2968128.0,104.25,32.53,10.02,69.33,79.88,48.3,345.4949644,5.6,1.4,2.236574259,5.49,0.776,49.0,69.0
93,66.953,6.2,2.2,132.0,943.96568,0.3766,26.7422,117876226.0,104.38,38.98,0.86,6.68,39.04,31.8,225.3853895,5.0,9.4,2.848423391,3.3,0.485,39.0,38.0
94,81.135,29.3,10.8,5.7,30798.47656,0.312,1996.45825,1215588.0,131.56,17.29,1.12,77.08,84.86999999999999,58.0,190.26941,8.6,0.0,7.688645288,7.43,0.887,53.0,79.0
95,77.144,7.9,2.87,64.0,3814.71522,0.393,160.69696,22156000.0,358.14,11.1,1.87,44.412,93.33,34.7,215.0111358,11.3,0.5,3.725698018,6.14,0.782,37.0,67.0
96,67.428,15.8,0.31,259.0,1537.93641,0.296,39.49929,225199929.0,292.13,58.28,0.64,47.742,40.16,24.6,357.8837027,30.8,10.6,1.768706856,4.31,0.557,28.0,45.0
97,67.39,5.7,1.98,238.0,514.90586,0.3922,19.84998,28427333.0,48.86,22.54,0.76,10.38,38.19,28.0,401.6722765,4.6,7.3,6.527744732,5.7,0.528,26.0,35.0
98,72.08,23.0,0.21,165.0,30795.0452674,0.374,115.98076,779900.0,20.45,37.93,1.86,65.22,48.98,42.5,246.5552804,10.4,4.5,1.476740788,5.71,0.654,68.0,62.0
99,71.771,3.1,3.91,105.0,3414.892849,0.436,245.92348,11832936.0,10.92,21.57,0.88,52.92,95.356,40.1,214.4267937,5.5,4.5,4.434336358,4.65,0.718,30.0,67.0
100,53.679,11.8,1.71,540.0,511.4847456,0.3498,37.19958,4919987.0,7.9,56.83,0.4,13.6,11.52,44.9,417.1225226,5.8,18.8,3.514466557,1.43,0.397,24.0,32.0
101,58.104,16.9,3.04,135.0,2578.760412,0.372,75.08779,27053629.0,85.07,25.89,0.39,34.508,54.47,32.8,269.7213159,2.1,12.5,3.215452541,4.22,0.538,36.0,45.0
102,60.971,7.3,1.1,319.0,584.1064092,0.3634,20.57073,92377986.0,40.75,44.91,0.3,12.69,40.42,36.9,319.8749967,5.8,11.4,3.034801237,1.4,0.48,19.0,39.0
103,67.49,11.3,0.36,224.0,3363.712048,0.416,61.80943,1002197.0,43.24,45.55,1.04,37.08,84.87,47.5,284.3599777,7.4,8.6,4.299681169,2.74,0.524,30.0,48.0
104,73.533,17.4,4.09,55.0,4408.520365,0.388,300.05328,6518500.0,314.6,24.47,1.34,44.19,77.45,40.8,150.2840502,6.3,1.7,5.717632128,5.72,0.673,34.0,76.0
105,60.721,35.9,8.78,319.0,4214.861688,0.546,264.05515,1172369.0,68.16,17.17,0.48,73.84399999999998,88.72,44.9,339.8267144,4.6,7.2,4.821317425,3.08,0.611,32.0,58.0
106,62.383,17.4,3.36,157.0,835.5944214,0.35,29.7258,2486937.0,245.74,33.98,0.31,28.97,66.9,36.4,318.4738439,1.9,8.9,2.870146454,4.41,0.496,37.0,48.0
107,75.448,11.9,3.93,30.0,2831.033021,0.482,187.55434,10062994.0,89.94,20.63,1.4,49.68,97.326,36.5,297.7172007,5.1,2.2,3.938948994,5.1,0.634,23.0,63.0
108,68.219,12.4,12.08,149.0,2551.326081,0.388,68.22131,7379358.0,31.97,25.11,105.5,61.38,26.99,30.7,379.1330463,6.2,2.3,2.224440411,1.77,0.613,30.0,50.0
109,64.694,10.8,4.08,141.0,642.6569158,0.385,30.40029,19647681.0,208.4,23.57,0.2,24.21,83.772,40.6,258.9105564,7.3,6.9,3.814950834,5.74,0.483,35.0,48.0
110,59.692,8.7,1.31,52.0,917.9130633,0.361,34.28178,20855724.0,17.09,38.53,0.51,19.92,82.43799999999999,28.5,276.1848578,2.1,17.2,2.178379563,3.48,0.434,29.0,42.0
111,71.067,5.5,0.62,235.0,1222.878794,0.4202,53.2464,29674920.0,207.01,99.73,122.3,48.64,24.67,28.3,245.3822158,8.7,4.4,1.108967278,4.41,0.602,33.0,53.0
112,62.792,7.9,0.52,83.0,594.9251089,0.373,31.39764,25130810.0,19.84,94.05,0.12,16.19,72.38199999999999,37.7,276.344163,5.2,12.4,2.757088183,3.22,0.394,31.0,37.0
113,70.583,6.4,5.8,118.0,2449.333442,0.407,108.4464,223364.0,232.67,28.54,10.69,34.66,40.11,52.9,319.7489397,5.5,4.6,4.396086038,6.65,0.625,45.0,60.0
114,68.213,11.2,0.73,117.0,1606.472061,0.381,59.09758,17196308.0,89.32,40.7,0.38,24.12,62.907999999999994,33.9,255.1053979,3.1,6.4,2.360603395,5.53,0.512,43.0,49.0
115,71.802,108.9,7.4,29.0,4836.332633,0.33740000000000003,619.24713,591798.0,3.79,24.78,1.8,25.18,63.41,45.9,252.267293,12.7,1.4,5.585547728,6.82,0.738,39.0,67.0
116,63.713,2.5,12.48,196.0,858.0575127,0.427,32.40844,47123533.0,235.01,50.49,0.56,45.910000000000004,42.8,35.8,246.4402588,4.6,6.5,5.03431518,4.48,0.544,27.0,50.0
117,76.813,19.7,9.45,31.0,10729.23258,0.423,945.99194,45808747.0,16.74,13.31,1.39,26.0,99.1,41.1,183.9330924,5.4,0.7,7.544871667,6.81,0.845,38.0,73.0
118,83.2,20.1,10.36,7.3,59934.12941,0.343,5427.4624,25739256.0,3.35,8.55,1.0,74.26,98.96,60.1,108.1264295,6.4,0.1,9.658272152,8.9,0.944,73.0,87.0
119,81.19268,18.8,11.93,4.9,53267.93275,0.302,5242.18311,8956279.0,108.53,12.48,1.45,99.64,100.0,66.5,150.5649416,4.6,0.1,5.720266549,8.07,0.922,74.0,82.0
120,80.79512,14.3,10.8,7.7,51767.78857,0.272,4960.39356,11587882.0,382.69,12.89,13.66,88.82,100.0,58.2,118.6472238,3.6,0.1,5.071598783,7.51,0.931,73.0,85.0
121,76.084,22.8,7.32,45.0,7518.83428,0.489,853.38794,213993441.0,25.6,12.71,1.39,48.71,87.84,43.6,175.6614533,8.8,1.2,5.131950501,6.86,0.765,38.0,75.0
122,81.74878,27.6,8.81,5.9,52051.35146,0.301,5048.37256,38246108.0,4.27,6.43,0.87,84.37,99.8,50.0,107.9212122,7.7,0.1,5.321987301,8.87,0.929,74.0,89.0
123,80.329,9.2,8.95,15.0,16502.83857,0.449,1375.80298,19212362.0,25.84,21.04,11.62,78.6,98.77,46.7,126.8360351,10.8,0.2,5.635861542,7.92,0.851,67.0,80.0
124,77.097,22.3,6.04,59.0,12556.33312,0.382,535.13336,1412360000.0,149.86,52.66,13.44,69.66,95.04,28.4,276.9374964,10.6,1.2,2.112704079,2.21,0.761,45.0,82.0
125,80.465,18.8,4.07,10.0,12508.61563,0.493,921.58575,5139053.0,100.65,15.73,0.86,30.2,80.39,46.3,128.486014,8.8,0.4,5.887514093,8.07,0.81,58.0,78.0
126,78.22683,24.6,9.8,3.9,26378.49996,0.253,1844.21777,10703446.0,138.65,16.07,3.92,85.2,97.96,59.9,232.2260811,7.1,0.2,3.294122645,7.74,0.9,54.0,78.0
127,81.55122,24.6,10.13,4.9,67803.0471,0.277,6003.3252,5856733.0,146.42,10.03,11.3,91.89,100.0,77.9,118.7845718,5.3,0.1,5.287891661,9.09,0.94,88.0,85.0
128,78.34634,23.3,10.75,10.0,27280.65844,0.308,1598.81885,1329254.0,30.58,6.73,1.64,93.06,99.6,61.4,270.5599766,6.5,0.2,2.242233157,7.84,0.892,74.0,78.0
129,82.13171,17.8,10.65,3.6,53982.61427,0.277,4450.30273,5541696.0,18.23,5.86,0.22,84.1,100.0,76.5,173.8077099,6.1,0.0,6.701333177,9.27,0.938,88.0,83.0
130,82.17561,14.4,12.23,8.2,43518.53851,0.292,4491.73535,67499343.0,123.27,11.81,10.02,78.59,99.64,62.5,91.41488191,5.3,0.1,7.220191197,7.99,0.901,71.0,84.0
131,80.94146,15.1,12.79,5.5,50801.78671,0.317,5440.25147,83129285.0,237.93,12.03,2.74,97.13,100.0,62.4,159.3591751,6.9,0.1,4.552763339,8.67,0.947,80.0,86.0
132,81.0878,21.0,10.5,4.5,20276.54467,0.331,1500.59497,10664568.0,82.74,16.22,11.42,91.72,100.0,56.2,186.7683068,6.4,0.2,5.787818078,7.56,0.888,49.0,78.0
133,83.06585,27.0,9.21,2.8,68383.76534,0.261,6274.95947,372295.0,3.69,6.48,0.88,83.69,100.0,62.8,109.1261527,5.5,0.0,7.9011076,9.18,0.949,74.0,87.0
134,71.908,11.0,0.22,301.0,4291.81255,0.37,120.12496,276361788.0,147.2,16.5,11.62,60.0,87.4,28.2,383.2611536,10.6,4.0,3.577035128,6.71,0.718,38.0,59.0
135,76.87,20.9,12.0,13.0,2756.74998,0.409,470.4346,85028760.0,52.2,38.98,0.79,60.0,96.15,34.5,277.7335894,9.1,2.0,3.438800939,1.95,0.783,25.0,77.0
136,82.20488,23.2,12.75,5.3,99152.10257,0.306,5428.58887,5028230.0,72.99,8.21,1.57,82.9,97.9,57.4,132.7733536,3.0,0.1,7.562604639,9.0,0.955,74.0,83.0
137,82.7,18.9,4.38,2.1,51430.07968,0.342,3456.38696,9364000.0,432.72,21.38,1.9,94.96,99.34,48.2,96.59198295,8.5,0.0,5.367342012,7.97,0.919,59.0,84.0
138,82.3439,20.0,8.01,6.6,35551.28499,0.352,2905.5,59066225.0,198.39,16.75,11.3,95.78,100.0,57.7,126.0926447,6.4,0.0,4.328880435,7.68,0.892,56.0,83.0
139,84.61561,23.8,10.09,12.0,39285.16311,0.334,4360.47363,125681593.0,344.81,11.7,11.27,81.43,100.0,57.2,77.00994346,6.6,0.2,4.219357304,8.15,0.919,73.0,85.0
140,81.74146,15.5,12.45,5.9,135682.7943,0.342,6220.74121,639070.0,262.99,10.36,1.65,96.78,99.73,72.3,115.9868635,5.9,0.0,7.456022706,8.68,0.916,81.0,86.0
141,82.65366,40.3,8.27,36.0,33257.42203,0.31,2531.91089,516869.0,1615.22,13.91,1.4,91.87,100.0,75.2,146.7436853,8.0,0.1,7.781551484,7.57,0.895,54.0,81.0
142,75.131,11.8,5.05,24.0,9926.42277,0.454,540.37231,130262220.0,67.01,20.92,1.08,57.34,96.1,45.5,157.2695581,16.9,1.3,2.945755845,5.57,0.779,31.0,74.0
143,81.40976,13.4,9.67,4.1,58061.00167,0.292,5335.30127,17533405.0,520.74,12.03,10.7,97.5,100.0,62.6,113.0101047,4.5,0.1,7.655746129,8.88,0.944,82.0,86.0
144,82.0561,20.1,10.69,7.5,48801.68513,0.32,4211.04639,5122600.0,19.45,5.96,0.63,82.19,100.0,56.7,137.9260308,6.2,0.3,6.999008788,9.37,0.931,88.0,86.0
145,83.20976,11.2,7.14,3.1,89202.75054,0.277,8007.39795,5408320.0,14.81,6.96,1.28,65.39,100.0,59.3,111.4806363,3.6,0.1,7.360104745,9.75,0.957,85.0,86.0
146,78.68,30.5,7.77,32.0,14516.45805,0.498,1192.8208,4381583.0,59.07,11.4,1.18,45.0,94.7,50.5,123.8215494,8.2,2.1,4.707885589,6.85,0.815,36.0,77.0
147,76.6,17.4,11.89,9.6,17840.92105,0.302,1014.03821,37781024.0,123.4,20.88,10.22,90.54,98.3,50.6,235.587739,6.8,0.2,5.883233788,6.8,0.88,56.0,74.0
148,80.97561,14.7,12.09,16.0,24262.18094,0.328,2221.43921,10299423.0,112.43,8.16,0.66,85.08,96.79,50.4,127.8910353,9.1,0.2,9.972069811,7.82,0.864,62.0,84.0
149,71.33878,24.4,10.5,46.0,12172.78516,0.36,653.41724,143446060.0,8.76,16.16,1.55,60.82,96.9,37.5,432.9186383,5.6,0.5,2.717947371,3.24,0.824,29.0,75.0
150,76.86585,29.7,11.06,3.2,21087.8461,0.232,1342.07483,5447247.0,113.3,17.56,2.61,81.93,100.0,60.0,298.900761,5.8,0.6,3.133854544,7.03,0.86,52.0,77.0
151,80.53171,24.7,12.11,4.1,29200.81988,0.244,2219.10059,2107007.0,104.64,16.02,10.41,71.55,99.5,67.3,151.1431962,5.8,0.0,4.960977269,7.54,0.917,57.0,80.0
152,64.379,11.8,9.45,554.0,6994.21165,0.618,546.68842,60041996.0,49.5,25.1,11.22,44.3,81.06,37.2,222.6501702,10.8,5.8,4.273637393,7.05,0.709,44.0,67.0
153,82.33415,20.0,12.67,7.3,30115.70589,0.343,2711.19287,47326687.0,94.73,9.7,1.01,95.67,99.8,56.6,106.7835569,10.3,0.1,4.94517344,7.94,0.904,61.0,86.0
154,82.40732,22.5,9.04,3.6,60238.98656,0.278,5671.38574,10415811.0,25.57,6.18,0.93,94.93,100.0,72.7,138.5916839,5.0,0.1,8.242784731,9.26,0.945,85.0,87.0
155,83.1,22.5,11.23,4.7,93457.4404,0.316,9666.33789,8697723.0,220.11,10.3,1.8,99.65,100.0,65.9,107.0639219,4.6,0.1,7.292590469,8.9,0.955,84.0,87.0
156,77.928,19.4,1.77,15.0,9586.61245,0.419,396.46683,85042736.0,110.5,44.31,1.71,78.43,100.0,26.3,217.4592106,14.5,0.5,5.379629664,4.35,0.82,38.0,79.0
157,78.12,17.6,3.85,0.79,36284.55524,0.26,1842.69446,9991083.0,140.68,40.92,0.37,99.23,99.6,52.4,325.8773204,16.4,0.4,7.548065285,2.9,0.89,69.0,78.0
158,80.90244,13.6,11.45,6.9,47334.35531,0.366,4312.88916,67326569.0,278.29,10.47,12.07,98.1,100.0,77.7,132.3753125,6.3,0.2,10.06612885,8.1,0.932,78.0,88.0
159,77.28049,22.5,9.97,2.4,69287.53659,0.415,10921.0127,331893745.0,36.28,7.41,1.25,98.26,97.47,51.1,157.0095429,10.7,0.2,11.24882594,7.85,0.926,67.0,83.0
160,54.505,1.0,1.26,144.0,696.42278,0.375,29.85083,16914985.0,13.43,66.03,0.28,10.14,17.38,28.1,288.1381409,5.8,28.2,2.19999112,1.67,0.398,20.0,28.0
161,77.46,10.1,5.45,37.0,6131.22592,0.542,495.32971,51265841.0,46.21,16.53,1.97,18.31,80.49,42.4,131.4750004,8.3,1.4,3.684322858,6.48,0.767,39.0,78.0
162,77.72439,27.2,8.73,6.6,17398.76598,0.289,1040.08569,3899000.0,68.9,17.9,10.86,67.79,93.5,60.2,265.8471971,4.8,0.1,4.32312155,6.5,0.851,47.0,73.0
163,73.919,23.8,9.47,70.0,5042.38553,0.345,291.12204,3708610.0,64.88,22.2,100.1,34.42,84.11,39.1,453.9993525,5.7,0.8,2.088510357,5.12,0.812,55.0,65.0
164,75.61707,16.0,11.07,4.6,18772.67329,0.3,1062.39417,9709886.0,106.4,15.93,1.79,87.78,93.99,55.1,301.6162146,7.0,0.2,3.560790142,6.5,0.854,43.0,73.0
165,74.92927,13.4,12.78,29.0,23433.39091,0.353,1369.97949,2795321.0,44.63,11.85,1.17,93.94,99.32,55.9,328.8327775,5.8,0.1,2.924782955,7.18,0.882,61.0,70.0
166,76.947,4.0,6.78,116.0,6692.24838,0.438,370.10995,33359416.0,26.06,24.79,13.75,52.81,59.35,39.8,88.61384216,4.8,1.5,4.560049468,6.09,0.777,36.0,78.0
167,71.18512,20.1,8.34,73.0,4835.57178,0.256,248.13348,43814581.0,75.62,20.31,1.49,71.96,88.7,49.6,591.0062395,5.6,0.7,3.479519594,5.57,0.779,32.0,73.0
168,61.738,20.6,4.52,193.0,1737.17398,0.503,103.02827,15092171.0,39.01,22.25,0.47,25.65,64.58,46.2,321.0227996,2.1,6.8,2.083217913,2.92,0.571,23.0,55.0
169,74.22927,23.5,8.85,13.0,9214.99355,0.345,641.02502,6844078.0,78.25,24.73,109.1,18.35,81.52,43.9,448.8363594,9.1,0.2,3.052209013,6.36,0.806,38.0,71.0
170,71.36,21.4,7.02,539.0,3548.82832,0.423,142.07877,111046910.0,372.43,18.07,103.1,60.64,61.8,28.9,307.3220608,7.1,4.4,4.812910169,6.56,0.718,33.0,55.0
171,55.066,4.5,5.31,298.0,515.93209,0.357,46.15796,8141343.0,112.79,21.63,0.31,14.05,12.52,32.7,291.2894186,2.1,14.4,2.808053383,4.97,0.452,34.0,39.0
172,67.363,10.0,2.14,308.0,1187.23848,0.307,60.01587,54806014.0,83.96,35.56,10.17,60.71,73.77,19.4,352.7244029,7.1,7.3,2.075979633,1.02,0.583,28.0,61.0
173,75.93171,23.6,12.24,16.0,9367.01688,0.368,735.15887,620173.0,46.11,20.78,10.02,45.44,87.32,46.9,435.5154955,9.1,0.1,3.892732957,6.02,0.829,46.0,67.0
174,70.056,13.9,5.9,437.0,4534.91859,0.327,163.44186,3329282.0,2.14,40.11,115.2,55.54,38.59,29.6,570.0209327,6.9,2.5,2.239323787,6.42,0.737,35.0,63.0
175,72.868,3.0,0.0,218.0,2503.04388,0.324,45.85716,166303494.0,1277.59,60.85,103.4,38.67,52.78,23.1,283.8712301,14.2,4.5,1.431592376,5.99,0.632,26.0,51.0
176,77.216,14.8,3.27,48.0,5934.875496,0.473,486.49216,17888474.0,72.03,14.89,0.72,41.63,74.65,46.5,163.6550012,4.4,1.8,4.180687564,5.71,0.759,36.0,80.0
177,64.347,15.1,2.78,143.0,2445.290749,0.435,75.28166,31732128.0,139.46,34.71,0.31,13.32,60.25,27.7,310.606548,2.6,5.6,2.168311692,6.5,0.611,43.0,45.0
178,58.634,8.2,5.54,361.0,812.962373,0.348,62.57558,2015490.0,71.67,29.77,0.53,12.16,40.93,40.2,370.6325502,2.1,12.0,3.18421615,2.75,0.48,21.0,37.0
179,71.8,17.6,4.85,105.0,1276.242643,0.29,62.14478,6694200.0,34.9,22.74,1.16,92.47,91.85,35.7,466.3129965,6.6,4.1,2.561045589,3.62,0.697,27.0,70.0
180,54.836,24.7,5.08,650.0,1166.461667,0.449,124.19363,2159067.0,71.12,28.03,0.44,47.62,77.74,32.3,399.8600499,4.6,10.6,1.433912979,6.3,0.527,38.0,48.0
181,55.018,14.7,6.19,219.0,2085.030765,0.351,71.46573,211400704.0,232.11,71.8,0.29,30.51,25.39,28.3,235.6520169,3.6,18.3,3.678254974,4.11,0.539,24.0,44.0
182,75.69317,18.8,6.43,12.0,6720.896285,0.33,436.88718,2065092.0,81.88,29.73,109.4,12.2,84.57,54.3,568.7036807,6.1,0.7,5.576464439,6.03,0.774,39.0,68.0
183,74.363,23.2,7.01,48.0,5400.103826,0.435,388.39325,7219641.0,18.17,11.91,1.59,60.13,72.21,40.9,187.905196,7.5,2.3,5.70723507,5.86,0.728,30.0,61.0
184,74.35366,19.6,12.34,64.0,14861.90917,0.348,738.55817,19115146.0,83.08,14.61,10.18,83.14,94.95,56.0,379.6263983,6.5,2.2,4.468825779,6.43,0.828,45.0,71.0
185,61.34,24.7,2.66,36.0,992.3284294,0.424,51.15503,8478242.0,155.88,35.73,0.27,9.13,36.77,34.0,292.4521461,2.1,8.7,3.679637175,2.8,0.515,30.0,44.0
